Method,Name,Error,Occurrences
GET,/,HTTPError('524 Server Error: <none> for url: /'),28
GET,/about/,HTTPError('524 Server Error:  for url: /about/'),33
GET,/,HTTPError('524 Server Error:  for url: /'),133
POST,forgot password,HTTPError('524 Server Error: <none> for url: forgot password'),7
POST,Signup,HTTPError('524 Server Error:  for url: Signup'),132
POST,Login,HTTPError('524 Server Error: <none> for url: Login'),6
POST,Signup,HTTPError('524 Server Error: <none> for url: Signup'),25
POST,Login,HTTPError('524 Server Error:  for url: Login'),38
GET,/become-a-show-creator/,HTTPError('524 Server Error: <none> for url: /become-a-show-creator/'),4
GET,/about/,HTTPError('524 Server Error: <none> for url: /about/'),13
GET,/blog/,HTTPError('524 Server Error: <none> for url: /blog/'),1
POST,forgot password,HTTPError('524 Server Error:  for url: forgot password'),31
GET,/become-a-show-creator/,HTTPError('524 Server Error:  for url: /become-a-show-creator/'),23
